item_id,high_rating_count,avg_rating,min_rating,max_rating
B0086VPUHI,154,4.694805194805195,3.0,5.0
B00BN5T30E,150,4.626666666666667,3.0,5.0
B07YBXFDYN,146,4.712328767123288,3.0,5.0
B00BGA9WK2,136,4.720588235294118,3.0,5.0
B007CM0K86,123,4.682926829268292,3.0,5.0
B00KIWEMIG,109,4.568807339449541,3.0,5.0
B07YBWT3PK,104,4.5576923076923075,3.0,5.0
B07YBXFF99,103,4.514563106796117,3.0,5.0
B004HD55VK,102,4.666666666666667,3.0,5.0
B014R4KYMS,102,4.764705882352941,3.0,5.0
B00C1TTF86,101,4.435643564356436,3.0,5.0
B00K0NV5J2,92,4.510869565217392,3.0,5.0
B00BHRD4BM,89,4.191011235955056,3.0,5.0
B001EYUPHO,87,4.528735632183908,3.0,5.0
B00NOD0OTW,84,4.726190476190476,3.0,5.0
B005GISQX4,83,4.650602409638554,3.0,5.0
B00HM1XPN4,83,4.734939759036145,3.0,5.0
B005OGKYVK,83,4.554216867469879,3.0,5.0
B008CZN458,82,4.439024390243903,3.0,5.0
B004RMK5QG,81,4.851851851851852,3.0,5.0
B004LLHFAW,81,4.37037037037037,3.0,5.0
B00CJ9OTNE,80,4.3875,3.0,5.0
B003ZDOFF0,79,4.582278481012659,3.0,5.0
B07YBX6T95,79,4.405063291139241,3.0,5.0
B07YBXFF5C,79,4.582278481012659,3.0,5.0
B00GOZSR96,78,4.371794871794871,3.0,5.0
B00W9DHUBS,78,4.064102564102564,3.0,5.0
B0030H8I4K,78,4.82051282051282,3.0,5.0
B001EYUSJ4,76,4.223684210526316,3.0,5.0
B0088TN73M,75,4.613333333333333,3.0,5.0
B0032C9V7G,75,4.68,3.0,5.0
B000UW21A0,74,4.554054054054054,3.0,5.0
B00DTY9B0O,74,4.608108108108108,3.0,5.0
B00BGA9X9W,72,4.791666666666667,3.0,5.0
B0088TN5FM,72,4.680555555555555,3.0,5.0
B087NNPYP3,72,4.833333333333333,3.0,5.0
B001EYUQTQ,68,4.6911764705882355,3.0,5.0
B00884S5N4,68,4.382352941176471,3.0,5.0
B000FQ2D5E,68,4.6911764705882355,3.0,5.0
B002JTX7KA,67,4.447761194029851,3.0,5.0
B001D8Q5MA,67,4.388059701492537,3.0,5.0
B00DBLBMBQ,67,4.1940298507462686,3.0,5.0
B00267RVX4,67,4.686567164179104,3.0,5.0
B002JTX7JQ,67,4.656716417910448,3.0,5.0
B00DDILSBG,66,4.303030303030303,3.0,5.0
B00KCCNMYW,66,4.636363636363637,3.0,5.0
B001EYUQDW,65,4.4,3.0,5.0
B00DJRLDMU,65,4.2615384615384615,3.0,5.0
B01GY35HKE,64,4.03125,3.0,5.0
B001QCWRWK,64,4.640625,3.0,5.0
B001EYUQ8C,64,4.4375,3.0,5.0
B003L77YKS,64,4.671875,3.0,5.0
B00L4SD1F8,64,4.65625,3.0,5.0
B00IEZ6H4G,63,4.507936507936508,3.0,5.0
B07WS18ZS3,63,4.412698412698413,3.0,5.0
B01N3ASPNV,62,4.774193548387097,3.0,5.0
B001E8WQKY,62,4.403225806451613,3.0,5.0
B002I0H79C,62,4.661290322580645,3.0,5.0
B00J5C3Z10,61,4.409836065573771,3.0,5.0
B07DPK5NPD,61,4.704918032786885,3.0,5.0
B004G5YI3U,61,4.475409836065574,3.0,5.0
B004I1JTEK,61,4.032786885245901,3.0,5.0
B01GY35UK6,60,4.666666666666667,3.0,5.0
B00I5LAGM8,59,4.406779661016949,3.0,5.0
B0015AARJI,59,4.796610169491525,3.0,5.0
B00KSQHX1K,58,4.551724137931035,3.0,5.0
B087SHFL9B,58,4.896551724137931,3.0,5.0
B000N5Z2L4,58,4.844827586206897,3.0,5.0
B00XBLQCLQ,57,4.385964912280702,3.0,5.0
B01GY35GIM,57,4.684210526315789,3.0,5.0
B002BSH3KE,56,4.267857142857143,3.0,5.0
B003JBHG7C,56,4.428571428571429,3.0,5.0
B0036F0V4G,56,4.5,3.0,5.0
B00KIFM28A,56,4.714285714285714,3.0,5.0
B002JTX610,56,4.339285714285714,3.0,5.0
B07YBXJ5FK,55,4.527272727272727,3.0,5.0
B000ZK7ZOE,55,4.509090909090909,3.0,5.0
B001DLVIFQ,55,4.327272727272727,3.0,5.0
B00HGLLRV2,55,4.672727272727273,3.0,5.0
B00CEGCN76,54,4.314814814814815,3.0,5.0
B00BZS9JV2,54,4.833333333333333,3.0,5.0
B00Z9TM72Q,54,4.203703703703703,3.0,5.0
B001JKTC9A,53,4.830188679245283,3.0,5.0
B00D5SZ04K,53,4.339622641509434,3.0,5.0
B00DC7G0GG,52,4.884615384615385,3.0,5.0
B09V5R5LSZ,51,4.392156862745098,3.0,5.0
B07YBXP45M,51,3.980392156862745,3.0,5.0
B0051D8PGM,51,4.352941176470588,3.0,5.0
B001EYUQ8M,50,4.4,3.0,5.0
B00YQM1PNY,50,4.8,3.0,5.0
B0036EWMIK,50,4.6,3.0,5.0
B001ELJE88,50,4.56,3.0,5.0
B008CP6MA2,50,4.74,3.0,5.0
B002KAS4OW,49,4.612244897959184,3.0,5.0
B003DOSRSW,49,4.3061224489795915,3.0,5.0
B00DC7G2W8,48,4.75,3.0,5.0
B00MOQYTBE,48,4.625,3.0,5.0
B071G61TRM,48,4.645833333333333,3.0,5.0
B0079V4GK8,48,4.270833333333333,3.0,5.0
B0077LRPSA,47,4.382978723404255,3.0,5.0
B01GY3601E,47,4.723404255319149,3.0,5.0
B00Z9TMBOU,47,4.553191489361702,3.0,5.0
B004GUTRYK,46,4.717391304347826,3.0,5.0
B004IK89F6,46,4.739130434782608,3.0,5.0
B09R4K5ZTZ,46,4.8478260869565215,3.0,5.0
B000FQBF1M,46,4.369565217391305,3.0,5.0
B07X5X5KF9,46,4.565217391304348,3.0,5.0
B00Z9LUDX4,45,4.711111111111111,3.0,5.0
B087NN2K41,44,4.75,3.0,5.0
B003O6E800,44,4.818181818181818,3.0,5.0
B001SGZL2W,43,4.674418604651163,4.0,5.0
B07YBXNWXL,43,4.488372093023256,3.0,5.0
B00884S6YW,43,4.604651162790698,3.0,5.0
B001QCWRZC,43,4.395348837209302,3.0,5.0
B013HMN66M,43,4.6976744186046515,3.0,5.0
B003ZUXQD0,42,4.380952380952381,3.0,5.0
B001EYUQVE,42,4.404761904761905,3.0,5.0
B07X56RNBY,42,4.785714285714286,3.0,5.0
B00CMQTVK0,42,4.5476190476190474,3.0,5.0
B002I0K6DG,42,4.380952380952381,3.0,5.0
B000ZK9QCS,42,4.714285714285714,3.0,5.0
B0055Q175G,41,4.341463414634147,3.0,5.0
B002I092MM,41,4.804878048780488,3.0,5.0
B077GG9D5D,41,4.926829268292683,4.0,5.0
B0053BCO00,41,4.780487804878049,3.0,5.0
B00BGAA3S2,41,4.585365853658536,3.0,5.0
B002JTX5SO,41,4.2439024390243905,3.0,5.0
B06XHMPPLH,40,4.775,3.0,5.0
B00BGAA0SU,40,4.675,3.0,5.0
B003O6EATE,40,4.775,3.0,5.0
B008M502H6,40,4.325,3.0,5.0
B006VR689I,40,4.65,3.0,5.0
B00LV8HZH6,40,4.35,3.0,5.0
B001QCWRY8,40,4.45,3.0,5.0
B01GKFPFZS,39,4.6923076923076925,3.0,5.0
B017C6OK7S,39,4.82051282051282,3.0,5.0
B00BQVXUOA,39,4.589743589743589,3.0,5.0
B001G7PTAC,39,4.512820512820513,3.0,5.0
B003IPCF02,39,4.717948717948718,3.0,5.0
B0050SZ7IC,39,4.666666666666667,3.0,5.0
B072C3VM5F,39,4.17948717948718,3.0,5.0
B019WRM1IA,39,4.666666666666667,3.0,5.0
B004ZX745W,39,4.564102564102564,3.0,5.0
B0083GAF9E,38,4.473684210526316,3.0,5.0
B004OL4980,38,4.578947368421052,3.0,5.0
B00IAL9NHW,38,4.078947368421052,3.0,5.0
B003XF2SYK,38,4.394736842105263,3.0,5.0
B07X649B77,38,4.473684210526316,3.0,5.0
B07X1HF3V6,38,4.894736842105263,4.0,5.0
B007VYW5K6,38,4.342105263157895,3.0,5.0
B002I0GF72,38,4.815789473684211,3.0,5.0
B0044XU27A,38,4.394736842105263,3.0,5.0
B07624RBWB,38,4.815789473684211,4.0,5.0
B00B7UHWB2,38,4.631578947368421,3.0,5.0
B01M6C7YE8,38,4.421052631578948,3.0,5.0
B005GISQ9S,38,4.921052631578948,4.0,5.0
B00DC7O77A,37,4.783783783783784,4.0,5.0
B001SEQWXQ,37,4.594594594594595,3.0,5.0
B002Z01QO2,37,4.513513513513513,3.0,5.0
B07BLRF329,37,4.756756756756757,3.0,5.0
B017QU5KLK,37,4.486486486486487,3.0,5.0
B0010AYJXI,37,4.351351351351352,3.0,5.0
B073GY1PRY,37,4.675675675675675,3.0,5.0
B00Z9TJHEC,37,4.72972972972973,3.0,5.0
B000OLXX86,37,4.756756756756757,3.0,5.0
B001BKLE58,37,4.378378378378378,3.0,5.0
B01GY35W22,36,4.777777777777778,3.0,5.0
B00Z9TM1KY,36,4.388888888888889,3.0,5.0
B00CMQTTZ2,36,4.277777777777778,3.0,5.0
B00BIXYIU6,36,4.527777777777778,3.0,5.0
B07YBX5FVF,36,4.5,3.0,5.0
B00503E8S2,36,4.138888888888889,3.0,5.0
B00MAM0ALA,36,4.722222222222222,4.0,5.0
B0080CAOYM,36,4.527777777777778,3.0,5.0
B00341B3LW,35,4.571428571428571,3.0,5.0
B00308JV6I,35,4.114285714285714,3.0,5.0
B01MYUCFBK,35,4.8,3.0,5.0
B001ELJFGO,35,4.171428571428572,3.0,5.0
B0BDWVBWC9,35,4.742857142857143,3.0,5.0
B0099OUMAQ,35,4.6,3.0,5.0
B001G6064C,35,4.142857142857143,3.0,5.0
B009AGXH64,35,4.828571428571428,3.0,5.0
B00LV416KC,34,4.676470588235294,3.0,5.0
B0083GAF12,34,4.852941176470588,4.0,5.0
B001EYUS2G,34,4.235294117647059,3.0,5.0
B0046A8IRC,34,4.705882352941177,3.0,5.0
B001EYUNYY,34,4.529411764705882,3.0,5.0
B00HVBPRUO,34,4.705882352941177,3.0,5.0
B0118YZG0A,34,4.529411764705882,3.0,5.0
B01IC2A28C,33,4.666666666666667,4.0,5.0
B009XGZTKI,33,4.787878787878788,3.0,5.0
B002CZ38KA,33,4.484848484848484,3.0,5.0
B002BSH82M,33,4.484848484848484,3.0,5.0
B0088MVPFQ,33,4.575757575757576,3.0,5.0
B00DBDPOZ4,33,4.848484848484849,4.0,5.0
B007W8S2MG,33,4.818181818181818,3.0,5.0
B004HO6CQG,33,4.333333333333333,3.0,5.0
B0166QDJDQ,33,4.333333333333333,3.0,5.0
B07PZ8NZSZ,33,4.757575757575758,3.0,5.0
B075XLGQ4V,33,4.696969696969697,3.0,5.0
B07BW77M9V,33,4.787878787878788,4.0,5.0
B001QCWSGU,32,4.6875,3.0,5.0
B002I0K3CK,32,4.78125,3.0,5.0
B0050SYY5E,32,4.53125,3.0,5.0
B003NHRDPW,32,4.25,3.0,5.0
B004DGIYEG,32,4.375,3.0,5.0
B001G6062O,32,4.46875,3.0,5.0
B001G7PSQM,32,4.09375,3.0,5.0
B00HRW8PRO,32,4.65625,3.0,5.0
B002JTX5RK,31,4.516129032258065,3.0,5.0
B00G2EVF3E,31,4.741935483870968,3.0,5.0
B01M1DN3OO,31,4.741935483870968,3.0,5.0
B00M3D8EFU,31,4.806451612903226,3.0,5.0
B00CES8EFY,31,4.516129032258065,3.0,5.0
B004R1QUIO,31,4.225806451612903,3.0,5.0
B00VULDPCI,31,4.483870967741935,3.0,5.0
B0087ACBAW,31,4.645161290322581,3.0,5.0
B00FM5IY0Q,31,4.612903225806452,3.0,5.0
B009GE437W,31,4.806451612903226,3.0,5.0
B00000JRSB,31,4.838709677419355,3.0,5.0
B002I0J5FG,31,4.516129032258065,3.0,5.0
B06ZXXHMS7,31,4.483870967741935,3.0,5.0
B001EHD9N8,31,4.67741935483871,3.0,5.0
B07NYFL6QD,31,4.290322580645161,3.0,5.0
B00267S2A0,31,4.451612903225806,3.0,5.0
B001G6064W,31,4.096774193548387,3.0,5.0
B07Z9Z39ZW,31,4.774193548387097,3.0,5.0
B08D3XL1KF,31,4.774193548387097,3.0,5.0
B003JVCA9Q,30,4.433333333333334,3.0,5.0
B003N18O5Q,30,4.633333333333334,3.0,5.0
B006UBEV4O,30,4.6,3.0,5.0
B003R7JXOM,30,4.433333333333334,3.0,5.0
B0030JTD7O,30,4.066666666666666,3.0,5.0
B002I0J51U,30,4.966666666666667,4.0,5.0
B00RUPKM74,30,4.933333333333334,4.0,5.0
B00KUYZ7I6,30,4.5,3.0,5.0
B07HYW4XMP,30,4.533333333333333,3.0,5.0
B004QWYV2Q,30,4.466666666666667,3.0,5.0
B001EYUXBM,30,4.4,3.0,5.0
B00BQVXVYY,29,4.862068965517241,4.0,5.0
B00WNO6YKG,29,4.586206896551724,3.0,5.0
B07N5LL4YW,29,4.275862068965517,3.0,5.0
B007CSDEWO,29,4.379310344827586,3.0,5.0
B074MMGR8F,29,4.793103448275862,3.0,5.0
B001G7PSOE,29,4.310344827586207,3.0,5.0
B008B2ZKK4,29,4.620689655172414,3.0,5.0
B002JTX78M,29,4.0,3.0,5.0
B004CVKGSY,29,4.620689655172414,3.0,5.0
B06XBN6NCH,29,4.551724137931035,3.0,5.0
B001ELJE1A,29,4.586206896551724,3.0,5.0
B002BSC4ZS,29,4.551724137931035,3.0,5.0
B00K5HTPR2,29,4.379310344827586,3.0,5.0
B0009VXBAQ,29,4.517241379310345,3.0,5.0
B07DKYN13M,29,4.724137931034483,3.0,5.0
B003ZHMMEM,29,4.620689655172414,3.0,5.0
B07RBMZRP3,29,4.482758620689655,3.0,5.0
B000K9OP2A,29,4.344827586206897,3.0,5.0
B07K3KHFSY,28,4.642857142857143,3.0,5.0
B003JVKHEQ,28,4.321428571428571,3.0,5.0
B005DONQWC,28,4.607142857142857,3.0,5.0
B00503E9FY,28,4.5,3.0,5.0
B006JKASAC,28,4.535714285714286,3.0,5.0
B00M3D8CFM,28,4.75,4.0,5.0
B07WS5R5DP,28,4.607142857142857,3.0,5.0
B07RFZFNQT,28,4.785714285714286,3.0,5.0
B004RMK57U,28,4.857142857142857,3.0,5.0
B0050SXI6K,28,4.857142857142857,4.0,5.0
B0055202HE,28,4.642857142857143,3.0,5.0
B007G69KPM,28,4.5,3.0,5.0
B00Z9THEAQ,28,4.428571428571429,3.0,5.0
B00GN67PJ4,28,4.25,3.0,5.0
B001QCWSHO,28,4.357142857142857,3.0,5.0
B000FQ9QVI,28,4.678571428571429,3.0,5.0
B002XH972U,28,4.25,3.0,5.0
B003P9VWPA,27,4.407407407407407,3.0,5.0
B01NAGTKX3,27,4.7407407407407405,4.0,5.0
B0995GXFV4,27,4.555555555555555,3.0,5.0
B004D4YDPC,27,4.37037037037037,3.0,5.0
B004Y98Q04,27,4.518518518518518,3.0,5.0
B00N2KKSNO,27,4.481481481481482,3.0,5.0
B005OGPTSS,27,4.851851851851852,4.0,5.0
B003R7JXMO,27,4.222222222222222,3.0,5.0
B072MQNKYV,27,4.518518518518518,3.0,5.0
B00KMPLXH2,27,4.037037037037037,3.0,5.0
B006VR663G,27,4.518518518518518,3.0,5.0
B001E90AE2,27,4.37037037037037,3.0,5.0
B001KMRN0M,27,4.814814814814815,3.0,5.0
B00KR2BTVU,26,4.8076923076923075,4.0,5.0
B002BSA388,26,4.653846153846154,3.0,5.0
B001EYUQN2,26,4.346153846153846,3.0,5.0
B06XHVJY3T,26,4.923076923076923,4.0,5.0
B06XX4D2KY,26,4.115384615384615,3.0,5.0
B00BQVXSSS,26,4.346153846153846,3.0,5.0
B00897Z27C,26,4.653846153846154,3.0,5.0
B0053B66KE,26,4.6923076923076925,3.0,5.0
B004WIOHF0,26,4.384615384615385,3.0,5.0
B000FQ9R4E,26,4.6923076923076925,3.0,5.0
B07YBX4VQN,26,4.153846153846154,3.0,5.0
B00KWOSQC8,26,4.769230769230769,3.0,5.0
B00CTKHXFO,26,4.8076923076923075,3.0,5.0
B00KO4ULZ6,26,4.730769230769231,3.0,5.0
B07WPFV4ZW,26,4.153846153846154,3.0,5.0
B0087LXZRE,26,4.3076923076923075,3.0,5.0
B00EU2YGV8,26,4.576923076923077,3.0,5.0
B00CMQTUSS,26,4.769230769230769,3.0,5.0
B0084A97Y8,25,4.72,3.0,5.0
B00KWFCSB2,25,4.64,3.0,5.0
B001EHD9GA,25,4.52,3.0,5.0
B00FYQTK7O,25,4.36,3.0,5.0
B000B69E9G,25,4.76,3.0,5.0
B08VFQ3XJX,25,4.44,3.0,5.0
B001EYUPOC,25,4.32,3.0,5.0
B00SZ1DQFM,25,4.64,3.0,5.0
B00RU75I2G,25,4.68,3.0,5.0
B0017ZIIK6,25,4.36,3.0,5.0
B001ELJDWA,25,4.4,3.0,5.0
B00NQREKHS,25,4.44,3.0,5.0
B00LEB790S,25,4.24,3.0,5.0
B07YBXFDYK,25,4.56,3.0,5.0
B001E8WQI6,25,4.32,3.0,5.0
B00LV8IF8O,25,4.52,3.0,5.0
B007X5103Q,25,4.6,3.0,5.0
B00PQ1OQ4Y,25,4.88,4.0,5.0
B002BSC54I,25,4.64,3.0,5.0
B003E1UNSG,25,4.28,3.0,5.0
B003O680RM,25,4.84,3.0,5.0
B002I094AC,25,4.56,3.0,5.0
B003VUO6H4,25,4.88,4.0,5.0
B017W1771Y,25,4.76,3.0,5.0
B003HGGN82,25,4.4,3.0,5.0
B01GY35YXO,25,4.28,3.0,5.0
B00AKIPBNS,24,4.625,3.0,5.0
B000OYMYZQ,24,4.875,3.0,5.0
B016PWS77E,24,4.583333333333333,3.0,5.0
B06ZZCCDP7,24,4.375,3.0,5.0
B00ZM5OXD8,24,4.5,3.0,5.0
B001EYUPE2,24,4.583333333333333,3.0,5.0
B003FMTZSI,24,4.375,3.0,5.0
B003YMMMFM,24,4.666666666666667,3.0,5.0
B003GSKR0G,24,4.166666666666667,3.0,5.0
B003NSLGW2,24,4.708333333333333,3.0,5.0
B001EYUNVC,24,4.875,3.0,5.0
B003TLNHCK,24,4.208333333333333,3.0,5.0
B00MOR0FLG,24,4.75,3.0,5.0
B001IVXI7C,24,4.625,3.0,5.0
B00KSRV19E,24,4.75,3.0,5.0
B00LV8IFUW,24,4.666666666666667,3.0,5.0
B00Z9TKRH8,24,4.708333333333333,3.0,5.0
B09JDLC31H,24,4.708333333333333,3.0,5.0
B093GLPLLB,24,4.625,3.0,5.0
B00CMQTVUA,24,4.541666666666667,3.0,5.0
B00D3XXOTK,24,4.125,3.0,5.0
B06ZY6VHDD,24,4.958333333333333,4.0,5.0
B002I0J4VQ,24,4.583333333333333,3.0,5.0
B00Z9TIGCG,24,4.041666666666667,3.0,5.0
B00Z9TIB4Y,23,4.608695652173913,3.0,5.0
B00HRW5MGG,23,4.6521739130434785,3.0,5.0
B008B3QCJQ,23,4.6521739130434785,3.0,5.0
B01I59OFDU,23,4.782608695652174,3.0,5.0
B002JTX9N0,23,4.130434782608695,3.0,5.0
B001EYUY8Y,23,4.521739130434782,3.0,5.0
B0053BCML6,23,4.260869565217392,3.0,5.0
B07MHNTVBL,23,4.6521739130434785,3.0,5.0
B007YZCE94,23,4.608695652173913,3.0,5.0
B00004Y57G,23,4.521739130434782,3.0,5.0
B00ZMBLKPG,23,4.608695652173913,3.0,5.0
B07N2Z9VZX,23,4.695652173913044,3.0,5.0
B0050SW1WW,23,4.565217391304348,3.0,5.0
B000ERVMI8,23,4.739130434782608,3.0,5.0
B00J48C36S,23,4.434782608695652,3.0,5.0
B001G7PRS6,23,4.086956521739131,3.0,5.0
B00BER9YFA,23,4.608695652173913,3.0,5.0
B09MGJXGBF,23,4.869565217391305,3.0,5.0
B004UPBXR0,23,4.304347826086956,3.0,5.0
B00K5I323O,23,4.565217391304348,3.0,5.0
B001ELJFGE,22,4.318181818181818,3.0,5.0
B077TB64KB,22,4.7727272727272725,3.0,5.0
B001ELJP8W,22,4.181818181818182,3.0,5.0
B079C7QGLQ,22,4.681818181818182,3.0,5.0
B00DJRLAZ0,22,4.136363636363637,3.0,5.0
B07WWK48DV,22,4.818181818181818,3.0,5.0
B00DV16N6U,22,4.363636363636363,3.0,5.0
B09WS2QZXT,22,4.454545454545454,3.0,5.0
B00KR2C0RC,22,4.636363636363637,3.0,5.0
B002I0K6X6,22,4.545454545454546,3.0,5.0
B001QCWSII,22,4.636363636363637,3.0,5.0
B0037Z0HEE,22,4.681818181818182,3.0,5.0
B00269QLI8,22,4.318181818181818,3.0,5.0
B0029LJIFG,22,4.863636363636363,4.0,5.0
B07YBXN77W,22,4.636363636363637,3.0,5.0
B000UC5ML0,22,4.818181818181818,4.0,5.0
B0095CZL8A,22,4.363636363636363,3.0,5.0
B08MBKGJVY,22,4.681818181818182,4.0,5.0
B00CISMP8M,22,4.863636363636363,4.0,5.0
B00JVUKSKC,22,4.409090909090909,3.0,5.0
B00B7UNO4Q,22,4.454545454545454,3.0,5.0
B00BCX2AZW,22,4.818181818181818,3.0,5.0
B087XRWHHL,22,4.181818181818182,3.0,5.0
B081W1VBKN,22,4.681818181818182,3.0,5.0
B00F27JGVA,22,4.818181818181818,3.0,5.0
B00ZQB28XK,22,4.2272727272727275,3.0,5.0
B00Z9TL6KA,22,4.454545454545454,3.0,5.0
B0050SVLI2,22,4.909090909090909,4.0,5.0
B003S3RFAY,22,4.409090909090909,3.0,5.0
B00PBIGBOU,22,4.681818181818182,3.0,5.0
B001EYUNOO,22,4.090909090909091,3.0,5.0
B00YQ74LVM,22,4.909090909090909,4.0,5.0
B004S9AUIQ,21,4.380952380952381,3.0,5.0
B001ELJDXE,21,4.0476190476190474,3.0,5.0
B00006IJJK,21,4.714285714285714,3.0,5.0
B00QO4NAOO,21,4.619047619047619,3.0,5.0
B0053BCP40,21,4.857142857142857,4.0,5.0
B001EYUS2Q,21,4.476190476190476,3.0,5.0
B00R0ZS9YW,21,4.9523809523809526,4.0,5.0
B004S5MB1O,21,4.380952380952381,3.0,5.0
B00IAVDOS6,21,4.476190476190476,3.0,5.0
B00SHXKC8M,21,4.666666666666667,3.0,5.0
B08CW2M37L,21,4.333333333333333,3.0,5.0
B01N4X95QL,21,4.761904761904762,3.0,5.0
B0050SX9I2,21,4.904761904761905,4.0,5.0
B000P46NKC,21,4.809523809523809,4.0,5.0
B009GE3WUQ,21,4.904761904761905,4.0,5.0
B000F3AADE,21,4.190476190476191,3.0,5.0
B00XY2UYUW,21,4.333333333333333,3.0,5.0
B00OVBVME2,21,4.619047619047619,3.0,5.0
B0050FDE4E,21,4.904761904761905,4.0,5.0
B00DM2AJ0Y,21,4.619047619047619,3.0,5.0
B07TXKYR1H,21,4.428571428571429,3.0,5.0
B001ELJFPA,21,4.380952380952381,3.0,5.0
B004QEV0MI,21,4.571428571428571,3.0,5.0
B0000296O5,21,4.380952380952381,3.0,5.0
B07WWJDWY3,21,4.857142857142857,4.0,5.0
B00KXGZYBG,21,4.285714285714286,3.0,5.0
B07WZS4CTC,21,4.476190476190476,3.0,5.0
B00DDIRERI,21,4.380952380952381,3.0,5.0
B005FYJA52,21,4.857142857142857,4.0,5.0
B0030MEITE,20,4.35,3.0,5.0
B07QQ8N7LL,20,4.45,3.0,5.0
B00GM5T8PK,20,4.2,3.0,5.0
B00SVVUOGU,20,4.75,3.0,5.0
B008U4QPJI,20,4.45,3.0,5.0
B001EYUPHE,20,4.25,3.0,5.0
B00KVP76G0,20,4.7,3.0,5.0
B0167Q9FPQ,20,4.35,3.0,5.0
B0050SXVK8,20,4.75,4.0,5.0
B00K7LY7BA,20,4.2,3.0,5.0
B006PP404Q,20,4.8,3.0,5.0
B002BSA298,20,4.65,3.0,5.0
B00K32USMU,20,4.2,3.0,5.0
B00WOK8YX4,20,4.55,3.0,5.0
B00M3D8AQ8,20,4.8,3.0,5.0
B00JM57VDS,20,4.45,3.0,5.0
B008CP6RWU,20,4.5,3.0,5.0
B009NRO1J2,20,4.6,3.0,5.0
B001EYUXOY,20,4.4,3.0,5.0
B001E27DLM,20,4.8,3.0,5.0
B01BF9X6LO,20,4.65,3.0,5.0
B08MBKQWHB,20,4.8,3.0,5.0
B0079V4FAY,20,4.45,3.0,5.0
B07DK1H3H5,20,4.1,3.0,5.0
B0002A6CQ4,20,4.95,4.0,5.0
B08F4C6HCD,20,4.35,3.0,5.0
B0002XL3BA,20,4.6,4.0,5.0
B073K6WMJ9,20,4.55,3.0,5.0
B00006LELI,19,4.473684210526316,3.0,5.0
B004I1JTE0,19,4.473684210526316,3.0,5.0
B00DB2BI8M,19,4.473684210526316,3.0,5.0
B01M8GXNJX,19,4.526315789473684,3.0,5.0
B000084318,19,4.894736842105263,4.0,5.0
B00ZDNNRB8,19,4.7894736842105265,3.0,5.0
B00Z9TIM3Y,19,3.8947368421052633,3.0,5.0
B00G0OYHCW,19,4.842105263157895,3.0,5.0
B001EYUQJ6,19,4.2105263157894735,3.0,5.0
B001EYUXWQ,19,4.105263157894737,3.0,5.0
B001EYUQC8,19,4.105263157894737,3.0,5.0
B00C2PJTKS,19,3.8421052631578947,3.0,5.0
B002JTX9LW,19,3.8421052631578947,3.0,5.0
B002I0IVC4,19,4.578947368421052,3.0,5.0
B0C5HQ6L7F,19,4.684210526315789,3.0,5.0
B00Z9TMH1W,19,4.578947368421052,3.0,5.0
B002JTX72S,19,4.684210526315789,3.0,5.0
B001EYUVZK,19,4.7368421052631575,3.0,5.0
B00USM22DI,19,4.684210526315789,3.0,5.0
B079MRDY5V,19,4.631578947368421,3.0,5.0
B003BFNWD8,19,4.105263157894737,3.0,5.0
B001EYUXXK,19,4.2631578947368425,3.0,5.0
B01GW3LRD2,19,4.7894736842105265,4.0,5.0
B07BY1MB34,19,4.526315789473684,3.0,5.0
B001G7PRLS,19,4.052631578947368,3.0,5.0
B007BJNR6C,19,4.421052631578948,3.0,5.0
B00MOR1A7Y,19,4.842105263157895,4.0,5.0
B00ZP9XO9U,19,4.052631578947368,3.0,5.0
B001E8WQJA,19,4.7368421052631575,3.0,5.0
B07CB12726,19,4.7894736842105265,3.0,5.0
B07GP2CV85,18,4.277777777777778,3.0,5.0
B003BFW4OG,18,4.666666666666667,3.0,5.0
B07XNVN88K,18,4.388888888888889,3.0,5.0
B07P2J6HSR,18,4.555555555555555,3.0,5.0
B0191J0RXA,18,4.888888888888889,4.0,5.0
B097B8PBL5,18,4.611111111111111,3.0,5.0
B01LRLJV28,18,4.777777777777778,3.0,5.0
B007WPGS8O,18,4.777777777777778,3.0,5.0
B001EYUW72,18,4.0,3.0,5.0
B00005NZ1G,18,4.777777777777778,4.0,5.0
B004NRN5DU,18,4.444444444444445,3.0,5.0
B003JBHG90,18,4.722222222222222,4.0,5.0
B07L5FKGQH,18,4.388888888888889,3.0,5.0
B07WT56LHX,18,4.777777777777778,3.0,5.0
B001EYUNPI,18,4.777777777777778,3.0,5.0
B00EQNP8F4,18,4.833333333333333,4.0,5.0
B07BWJWBJL,18,4.722222222222222,3.0,5.0
B00BAQXJMO,18,4.277777777777778,3.0,5.0
B003Q6DBCO,18,4.111111111111111,3.0,5.0
B001E8WQLI,18,4.333333333333333,3.0,5.0
B0009A4EV2,18,4.722222222222222,3.0,5.0
B000HKGIOA,18,4.222222222222222,3.0,5.0
B000G6SPHI,18,4.777777777777778,4.0,5.0
B07P56JS2T,18,4.833333333333333,3.0,5.0
B006JKARN0,18,4.555555555555555,3.0,5.0
B08F4D36D9,18,4.611111111111111,4.0,5.0
B004WLRQMI,18,4.777777777777778,3.0,5.0
B008PQU3E4,18,4.888888888888889,4.0,5.0
B07ZJ6RY1W,18,4.944444444444445,4.0,5.0
B001D7JEJM,18,4.5,3.0,5.0
B07YBX8RNF,18,4.611111111111111,3.0,5.0
B00KR2BK1E,18,4.666666666666667,3.0,5.0
B071Y492GH,18,4.722222222222222,3.0,5.0
B071CK7P1L,17,4.705882352941177,4.0,5.0
B00GM5W5H8,17,4.411764705882353,3.0,5.0
B00M3D8GIU,17,4.764705882352941,3.0,5.0
B087NM8BB6,17,4.647058823529412,3.0,5.0
B087CR9TR7,17,4.529411764705882,3.0,5.0
B00ZKZYKMO,17,4.411764705882353,3.0,5.0
B07VLCRZ21,17,4.235294117647059,3.0,5.0
B06ZYTHKR7,17,4.117647058823529,3.0,5.0
B00KQHHDZC,17,4.705882352941177,3.0,5.0
B07HGT7JC8,17,4.705882352941177,3.0,5.0
B07P9VQ4Z8,17,4.9411764705882355,4.0,5.0
B00XZQ58AI,17,4.294117647058823,3.0,5.0
B00ITG5EI0,17,4.588235294117647,3.0,5.0
B0976RZHTV,17,4.470588235294118,3.0,5.0
B07NKN4VR4,17,4.882352941176471,4.0,5.0
B00OGNV5HY,17,4.352941176470588,3.0,5.0
B00KVQYJR8,17,4.588235294117647,3.0,5.0
B00JE5P17E,17,4.529411764705882,3.0,5.0
B009AFLXQQ,17,4.823529411764706,3.0,5.0
B002BSH3K4,17,4.235294117647059,3.0,5.0
B00CY58LMS,17,4.352941176470588,3.0,5.0
B0053B5RGI,17,4.823529411764706,3.0,5.0
B00ANZR6M2,17,4.705882352941177,3.0,5.0
B001G7PSIU,17,4.411764705882353,3.0,5.0
B005A0MBR0,17,4.882352941176471,4.0,5.0
B008VQ8HBO,17,4.294117647058823,3.0,5.0
B002LLRLMQ,17,4.705882352941177,4.0,5.0
B003TQM4D8,17,4.588235294117647,3.0,5.0
B007VM72BA,17,4.470588235294118,3.0,5.0
B000HCQK0A,17,4.117647058823529,3.0,5.0
B00421BLTM,17,3.764705882352941,3.0,5.0
B0045U01OG,17,4.705882352941177,3.0,5.0
B007RNWUC4,17,4.823529411764706,3.0,5.0
B0079V2XFS,17,4.235294117647059,3.0,5.0
B001EYUU2O,17,4.352941176470588,3.0,5.0
B001EYUQT6,17,4.647058823529412,3.0,5.0
B002I096AA,17,4.647058823529412,3.0,5.0
B002JTX5UM,17,4.235294117647059,3.0,5.0
B006VO0QUI,17,4.705882352941177,3.0,5.0
B00D7B9M0I,17,4.764705882352941,3.0,5.0
B001EYUNHG,17,4.352941176470588,3.0,5.0
B001ELJEJM,17,4.882352941176471,4.0,5.0
B001ELJE6K,17,4.529411764705882,3.0,5.0
B00MUMVV3G,16,4.375,3.0,5.0
B00MUY0OFU,16,5.0,5.0,5.0
B003BVIH00,16,4.1875,3.0,5.0
B001ELJE5G,16,4.5,3.0,5.0
B0716CXJ1R,16,4.75,3.0,5.0
B0056WJA6M,16,4.125,3.0,5.0
B0029F2FB6,16,4.4375,3.0,5.0
B008KGNCSI,16,4.25,3.0,5.0
B008KGN9DG,16,4.6875,3.0,5.0
B072289M2R,16,4.5625,3.0,5.0
B0013RATNM,16,4.375,3.0,5.0
B0053BCMAC,16,4.5,3.0,5.0
B001EHD9JW,16,4.5,3.0,5.0
B001E8WQUY,16,4.5625,3.0,5.0
B002JTX9RQ,16,4.4375,3.0,5.0
B0083ZYFPA,16,4.625,3.0,5.0
B001EYUNUS,16,5.0,5.0,5.0
B002I0J5JW,16,4.5625,3.0,5.0
B00BQI3UQG,16,4.75,4.0,5.0
B004NBXRCU,16,4.4375,3.0,5.0
B004HILZUU,16,4.8125,3.0,5.0
B07NLRSN12,16,4.875,4.0,5.0
B00DBRNQZ0,16,4.6875,3.0,5.0
B001EYUWWW,16,4.4375,3.0,5.0
B004519O9S,16,4.1875,3.0,5.0
B001EYUY7U,16,4.25,3.0,5.0
B00I5LMSE2,16,4.8125,4.0,5.0
B00I7NA43U,16,4.75,4.0,5.0
B00420K18K,16,4.625,3.0,5.0
B000VTQ3LU,16,4.9375,4.0,5.0
B08LNPL2J8,16,4.625,3.0,5.0
B014T4J5HQ,16,4.5,3.0,5.0
B00J4Y6L2Y,16,4.8125,4.0,5.0
B001G7PRM2,16,4.125,3.0,5.0
B005GISPMQ,15,4.8,4.0,5.0
B004GGUAJU,15,4.066666666666666,3.0,5.0
B005YR308S,15,4.8,3.0,5.0
B004INGI2Y,15,4.266666666666667,3.0,5.0
B01CKGI4RM,15,4.733333333333333,3.0,5.0
B07X5LZKBT,15,4.333333333333333,3.0,5.0
B00RZ7T8TK,15,4.866666666666666,4.0,5.0
B017W175Y8,15,4.2,3.0,5.0
B004WIOHJ6,15,4.333333333333333,3.0,5.0
B08JHZHWZ3,15,4.6,3.0,5.0
B000P297F2,15,3.933333333333333,3.0,5.0
B01GY35E8Y,15,4.4,3.0,5.0
B003O680ZY,15,4.4,3.0,5.0
B01CR058OS,15,4.6,4.0,5.0
B0050SX1JO,15,4.533333333333333,3.0,5.0
B01DE9DY8S,15,4.333333333333333,3.0,5.0
B000ZK696O,15,4.4,3.0,5.0
B019EWMXWC,15,4.866666666666666,4.0,5.0
B001C6GVI6,15,4.8,3.0,5.0
B003ZSN600,15,4.8,4.0,5.0
B001EYUPEC,15,4.333333333333333,3.0,5.0
B07895QZBF,15,4.866666666666666,3.0,5.0
B0088TN7BO,15,4.533333333333333,3.0,5.0
B00005ML10,15,4.466666666666667,3.0,5.0
B07CLKZJF4,15,4.666666666666667,3.0,5.0
B07D3JSZ8F,15,4.533333333333333,3.0,5.0
B07DFYXS9X,15,4.466666666666667,3.0,5.0
B00BSWYN2K,15,4.266666666666667,3.0,5.0
B07DKT3WJ2,15,4.466666666666667,3.0,5.0
B07F1HTGV1,15,4.8,4.0,5.0
B001EYUNE4,15,4.466666666666667,3.0,5.0
B001ENPDJA,15,4.6,3.0,5.0
B0094BM8VK,15,4.466666666666667,3.0,5.0
B00KPZKS8E,15,4.533333333333333,3.0,5.0
B0088TN7NW,15,4.8,4.0,5.0
B09N77RFYL,15,4.466666666666667,3.0,5.0
B00HLT0YT0,15,4.733333333333333,3.0,5.0
B0B4CRTWGM,15,4.2,3.0,5.0
B00004YRQA,15,4.733333333333333,4.0,5.0
B006JKAS16,15,4.866666666666666,4.0,5.0
B07R7F4XDZ,15,4.333333333333333,3.0,5.0
B002I08CSW,15,4.733333333333333,3.0,5.0
B006QRNKOO,15,4.333333333333333,3.0,5.0
B006WVJWUA,15,4.866666666666666,4.0,5.0
B00L59D9HG,15,4.866666666666666,3.0,5.0
B00Z9TJBUW,15,4.466666666666667,3.0,5.0
B00KVP78FE,15,5.0,5.0,5.0
B00GM5TPSA,15,4.733333333333333,3.0,5.0
B00KTORA0K,15,4.733333333333333,3.0,5.0
B07TRQJ819,14,4.285714285714286,3.0,5.0
B07SRWRH5D,14,4.785714285714286,4.0,5.0
B004IK89G0,14,4.571428571428571,3.0,5.0
B001EYUS7G,14,4.0,3.0,5.0
B081243BT6,14,4.785714285714286,4.0,5.0
B003TQLLEQ,14,4.642857142857143,3.0,5.0
B01N332TG8,14,4.642857142857143,3.0,5.0
B003O6JKLC,14,4.5,3.0,5.0
B003A0VK10,14,4.214285714285714,3.0,5.0
B002I0K3M0,14,4.428571428571429,3.0,5.0
B0026P3CE8,14,4.642857142857143,3.0,5.0
B071W7FSKN,14,4.5,3.0,5.0
B0023B14WC,14,4.214285714285714,3.0,5.0
B07213YKCX,14,4.785714285714286,4.0,5.0
B0721BX7DQ,14,4.857142857142857,4.0,5.0
B01GW3GM7I,14,4.857142857142857,4.0,5.0
B001TOMQVC,14,4.285714285714286,3.0,5.0
B07CHRQC25,14,4.571428571428571,3.0,5.0
B0764BLMJL,14,4.5,3.0,5.0
B001QCWSDI,14,4.0,3.0,5.0
B002I0J45C,14,4.642857142857143,4.0,5.0
B07BGYLS1L,14,4.5,3.0,5.0
B003INEQ0G,14,4.785714285714286,3.0,5.0
B07VJPKYKP,14,4.357142857142857,3.0,5.0
B001FRTHBU,14,4.428571428571429,3.0,5.0
B004J17XZ6,14,4.5,3.0,5.0
B000QW9D14,14,4.071428571428571,3.0,5.0
B00A63GL4A,14,4.428571428571429,3.0,5.0
B005OGL766,14,4.714285714285714,3.0,5.0
B094WQR3H3,14,4.285714285714286,3.0,5.0
B008GEH9HO,14,4.928571428571429,4.0,5.0
B00001X50M,14,4.857142857142857,4.0,5.0
B009DL2TBA,14,4.642857142857143,3.0,5.0
B08N7VJBH6,14,4.714285714285714,4.0,5.0
B00TFVD688,14,4.428571428571429,3.0,5.0
B09KTV12WR,14,4.714285714285714,3.0,5.0
B000FQBPDU,14,4.785714285714286,3.0,5.0
B00BRQN2EM,14,4.285714285714286,3.0,5.0
B00O2OK4TM,14,4.285714285714286,3.0,5.0
B000FRV2UK,14,4.714285714285714,3.0,5.0
B00IAVDQCK,14,4.214285714285714,3.0,5.0
B00CMQTUY2,14,4.928571428571429,4.0,5.0
B0C3KYVDWT,14,4.928571428571429,4.0,5.0
B00H90490Q,14,4.5,3.0,5.0
B000NNDN1M,14,3.7142857142857144,3.0,5.0
B0050FDDPE,14,4.357142857142857,3.0,5.0
B004ZCPL26,14,3.9285714285714284,3.0,5.0
B00YM7AKLG,14,4.428571428571429,3.0,5.0
B000M17AVO,14,4.428571428571429,3.0,5.0
B08588JHQH,13,4.153846153846154,3.0,5.0
B006JKAS6G,13,4.384615384615385,3.0,5.0
B001ELJE5Q,13,4.461538461538462,3.0,5.0
B005JQNEO4,13,4.769230769230769,3.0,5.0
B01JJFZ3LC,13,4.769230769230769,4.0,5.0
B002I0J4NE,13,4.615384615384615,3.0,5.0
B00LVAHX9O,13,4.461538461538462,3.0,5.0
B005OGKBPE,13,4.384615384615385,3.0,5.0
B0000A09EM,13,4.0,3.0,5.0
B001ELJDU2,13,4.615384615384615,3.0,5.0
B00MB1I3FU,13,4.769230769230769,4.0,5.0
B000099T2E,13,4.538461538461538,3.0,5.0
B01LYH50DX,13,4.769230769230769,4.0,5.0
B08P1NS2X1,13,4.076923076923077,3.0,5.0
B07X13HNK3,13,4.846153846153846,4.0,5.0
B007CSF3GO,13,4.769230769230769,3.0,5.0
B00005O0I2,13,4.6923076923076925,3.0,5.0
B00DNWHEVU,13,4.6923076923076925,3.0,5.0
B001EYUSFS,13,4.6923076923076925,4.0,5.0
B00HRH79H6,13,4.0,3.0,5.0
B00004YUWA,13,4.846153846153846,4.0,5.0
B07DML9W41,13,4.3076923076923075,3.0,5.0
B00I5KSVKS,13,4.615384615384615,3.0,5.0
B07CD6F5PX,13,4.538461538461538,3.0,5.0
B0086VPV86,13,4.846153846153846,4.0,5.0
B00BBF6MO6,13,4.153846153846154,3.0,5.0
B09FBW2988,13,4.6923076923076925,4.0,5.0
B001Q4HLFQ,13,4.6923076923076925,3.0,5.0
B002XVUT3M,13,4.923076923076923,4.0,5.0
B009SPZ11Q,13,4.3076923076923075,3.0,5.0
B001TXF9ZS,13,4.538461538461538,3.0,5.0
B08JHX17ZZ,13,5.0,5.0,5.0
B002JTX89A,13,4.538461538461538,4.0,5.0
B07YBX7L4K,13,4.6923076923076925,3.0,5.0
B01CFMVEEG,13,4.3076923076923075,3.0,5.0
B01AC3ZD06,13,5.0,5.0,5.0
B0056AT0EG,13,4.153846153846154,3.0,5.0
B0051D8QCA,13,4.538461538461538,3.0,5.0
B00SNS7TZA,13,4.461538461538462,3.0,5.0
B001DJ3GTO,13,3.8461538461538463,3.0,5.0
B0009VXAM0,13,4.6923076923076925,3.0,5.0
B016P6KIFY,13,4.769230769230769,3.0,5.0
B087NNZZM8,13,4.6923076923076925,3.0,5.0
B0050SW2NA,13,4.846153846153846,3.0,5.0
B011AH9A16,13,4.3076923076923075,3.0,5.0
B0050SVPCO,13,4.846153846153846,4.0,5.0
B0041G5EU0,13,4.153846153846154,3.0,5.0
B00XCZ3PMK,13,4.615384615384615,3.0,5.0
B004QEWVLC,13,4.461538461538462,3.0,5.0
B087LSSNG1,13,4.769230769230769,3.0,5.0
B003BLUA64,13,4.6923076923076925,3.0,5.0
B017QU5G1O,13,4.461538461538462,3.0,5.0
B00O3JSK7E,13,4.153846153846154,3.0,5.0
B005C7JOH6,13,4.230769230769231,3.0,5.0
B003ZCH7DI,12,4.666666666666667,4.0,5.0
B07SV4RKZ7,12,4.583333333333333,3.0,5.0
B0050SVH18,12,4.583333333333333,3.0,5.0
B000TLU67W,12,4.916666666666667,4.0,5.0
B002JTX68I,12,3.75,3.0,5.0
B00NY62FH8,12,4.416666666666667,3.0,5.0
B00CH923NE,12,4.583333333333333,4.0,5.0
B001F8188Y,12,4.75,3.0,5.0
B07CQXSC7K,12,4.833333333333333,4.0,5.0
B005JQNF5W,12,4.166666666666667,3.0,5.0
B01GW8VG7O,12,4.666666666666667,3.0,5.0
B015KBXBM2,12,4.833333333333333,4.0,5.0
B001G6063S,12,4.75,4.0,5.0
B001EYUO1G,12,4.0,3.0,5.0
B087SLFYPJ,12,4.583333333333333,3.0,5.0
B01CHU4IY4,12,4.25,3.0,5.0
B00CQ7CIMS,12,4.5,4.0,5.0
B0056WJA30,12,4.5,4.0,5.0
B07BFWLXLS,12,4.416666666666667,3.0,5.0
B001DLUESI,12,4.083333333333333,3.0,5.0
B00001XDUB,12,4.583333333333333,3.0,5.0
B07P8S76BH,12,4.416666666666667,3.0,5.0
B001EYUQIM,12,4.5,3.0,5.0
B00DYJMSM2,12,4.416666666666667,3.0,5.0
B07NSTDHGM,12,4.833333333333333,4.0,5.0
B07R9PBHP2,12,4.833333333333333,4.0,5.0
B08F97Q8HS,12,4.666666666666667,3.0,5.0
B07SM7G9CN,12,4.666666666666667,3.0,5.0
B001EYUU3I,12,4.25,3.0,5.0
B001EYUOL6,12,3.9166666666666665,3.0,5.0
B001EYUU4W,12,4.0,3.0,5.0
B07L6MJ6LD,12,4.25,3.0,5.0
B001EYUW3Q,12,4.416666666666667,3.0,5.0
B001EYUW6S,12,4.166666666666667,3.0,5.0
B07SNN8GV5,12,4.583333333333333,3.0,5.0
B09JDJYPD8,12,4.166666666666667,3.0,5.0
B00MFD9DH6,12,4.5,3.0,5.0
B002BRZ8BQ,12,3.75,3.0,5.0
B001QCWSCY,12,3.9166666666666665,3.0,5.0
B018QH6VVA,12,5.0,5.0,5.0
B07WS6ZFTG,12,4.75,3.0,5.0
B00008URUA,12,3.8333333333333335,3.0,5.0
B08VFQJHYB,12,4.916666666666667,4.0,5.0
B0006B0O9U,12,4.5,3.0,5.0
B002I0JBL4,12,4.5,3.0,5.0
B00KXAI6MQ,12,4.75,4.0,5.0
B072K63ZPD,12,4.416666666666667,3.0,5.0
B0002RQ3ES,12,4.666666666666667,3.0,5.0
B006YDPU48,12,4.916666666666667,4.0,5.0
B006PP41Q8,12,5.0,5.0,5.0
B06XS4XXFT,12,4.25,3.0,5.0
B01AC3ZGRG,12,4.75,3.0,5.0
B01B62OMFO,12,4.083333333333333,3.0,5.0
B08N7RDR45,12,4.833333333333333,4.0,5.0
B001W0Y5VM,12,3.9166666666666665,3.0,5.0
B07X56S77D,12,4.583333333333333,3.0,5.0
B001UQ7042,12,4.083333333333333,3.0,5.0
B001T0HVGQ,12,4.25,3.0,5.0
B00008RUYZ,12,4.25,3.0,5.0
B0771ZXXV6,12,4.916666666666667,4.0,5.0
B003O6E620,12,4.25,3.0,5.0
B002I0K3PM,12,4.916666666666667,4.0,5.0
B072V478NR,12,4.833333333333333,4.0,5.0
B00Z9TJ1VQ,12,4.583333333333333,3.0,5.0
B094YHB1QK,12,4.5,3.0,5.0
B017V6YVDC,12,4.833333333333333,3.0,5.0
B0001OK7VW,12,4.833333333333333,4.0,5.0
B00005BW7Q,11,4.636363636363637,4.0,5.0
B001EHD90G,11,4.363636363636363,4.0,5.0
B08XQM1QHW,11,4.909090909090909,4.0,5.0
B0006B7DXA,11,4.2727272727272725,3.0,5.0
B0014CN2H6,11,4.818181818181818,4.0,5.0
B00104KCF8,11,3.909090909090909,3.0,5.0
B00005Q8LR,11,4.2727272727272725,3.0,5.0
B084D57QLR,11,4.636363636363637,4.0,5.0
B00006M3R6,11,4.7272727272727275,4.0,5.0
B000066JRN,11,4.7272727272727275,3.0,5.0
B001EYUPCO,11,4.363636363636363,3.0,5.0
B00EU61DL0,11,4.454545454545454,3.0,5.0
B004D1Z3UO,11,4.181818181818182,3.0,5.0
B00KUZ1K8Q,11,4.7272727272727275,4.0,5.0
B00Z9TJZAI,11,4.181818181818182,3.0,5.0
B002JJWH5G,11,4.363636363636363,3.0,5.0
B01LPZM7VI,11,4.545454545454546,3.0,5.0
B006HZA9XU,11,4.363636363636363,3.0,5.0
B00MP7SFJE,11,4.454545454545454,3.0,5.0
B002JTX9US,11,4.545454545454546,3.0,5.0
B00O3JSRHW,11,4.454545454545454,3.0,5.0
B0053B7ICO,11,4.636363636363637,4.0,5.0
B01GWHR1TC,11,3.5454545454545454,3.0,5.0
B0050SX00Y,11,4.181818181818182,3.0,5.0
B0037W6XM2,11,4.363636363636363,3.0,5.0
B01GW3H3U8,11,5.0,5.0,5.0
B003EQ3LS0,11,4.363636363636363,3.0,5.0
B004XV6ST4,11,4.818181818181818,4.0,5.0
B00ZM6I932,11,3.727272727272727,3.0,5.0
B00ZHQ39F0,11,4.454545454545454,3.0,5.0
B004K1EA5G,11,4.818181818181818,4.0,5.0
B00KWFCUNS,11,4.545454545454546,3.0,5.0
B01MG8P418,11,4.363636363636363,3.0,5.0
B001G7PS4Y,11,4.181818181818182,3.0,5.0
B00BLDJ1T6,11,4.636363636363637,4.0,5.0
B00EN9Q8G4,11,4.2727272727272725,3.0,5.0
B00DBRNRPE,11,4.454545454545454,3.0,5.0
B00HX1UXD8,11,4.090909090909091,3.0,5.0
B001EYUWOU,11,3.909090909090909,3.0,5.0
B001EYUXIK,11,4.818181818181818,4.0,5.0
B07F2C38QY,11,4.181818181818182,3.0,5.0
B00IAVDPSA,11,4.2727272727272725,3.0,5.0
B07BWH4GX3,11,4.0,3.0,5.0
B002I0EMBI,11,4.7272727272727275,4.0,5.0
B00IIHU44E,11,4.909090909090909,4.0,5.0
B004J6I0YO,11,4.545454545454546,3.0,5.0
B00B9775W4,11,4.818181818181818,4.0,5.0
B00AMA4L4E,11,4.090909090909091,3.0,5.0
B00J4C56HC,10,4.1,3.0,5.0
B00M929CHE,10,3.8,3.0,5.0
B00T9Z8CHU,10,4.5,3.0,5.0
B006HZA8EA,10,4.6,4.0,5.0
B00J5C3SXK,10,3.9,3.0,5.0
B0050SWNZW,10,4.8,4.0,5.0
B006JKARZS,10,4.7,3.0,5.0
B0071NH8B8,10,4.7,4.0,5.0
B00J7N6C26,10,4.6,3.0,5.0
B00X8WEZUI,10,4.5,3.0,5.0
B00G6GQL0A,10,4.8,4.0,5.0
B00AK4QB22,10,4.4,3.0,5.0
B007WPGT2Y,10,4.8,3.0,5.0
B001EYUQ7I,10,4.5,3.0,5.0
B07NQCDWWN,10,4.4,3.0,5.0
B001E91OLK,10,4.9,4.0,5.0
B001EYUPBU,10,4.0,3.0,5.0
B07MPSFJG3,10,4.2,3.0,5.0
B001EYUY70,10,4.0,3.0,5.0
B001QCWSJ2,10,3.8,3.0,5.0
B075S5BLY2,10,4.4,3.0,5.0
B071Y4V29W,10,4.0,3.0,5.0
B001ELJFDM,10,3.9,3.0,5.0
B002CZ918S,10,4.2,3.0,5.0
B06XDZGHWK,10,4.8,4.0,5.0
B004AE6GPK,10,4.3,3.0,5.0
B01K2O2RSG,10,4.4,3.0,5.0
B0C5K4M7WJ,10,4.5,3.0,5.0
B003VUO6LU,10,4.8,3.0,5.0
B0017HW5LM,10,4.3,3.0,5.0
B0031SWWPO,10,4.3,3.0,5.0
B07SJ2P1XC,9,4.777777777777778,3.0,5.0
B003S9VNWE,9,4.555555555555555,4.0,5.0
B00BHV4P0M,9,4.555555555555555,3.0,5.0
B00DB2BI00,9,4.444444444444445,3.0,5.0
B001TOQ8UW,9,4.0,3.0,5.0
B0050SWBAE,9,4.777777777777778,3.0,5.0
B001BP4JY6,9,4.666666666666667,3.0,5.0
B009GWKP76,9,4.111111111111111,3.0,5.0
B087NMYQYG,9,4.333333333333333,3.0,5.0
B00KVOVBGM,9,4.333333333333333,3.0,5.0
B01MZIAZHM,9,4.444444444444445,3.0,5.0
B004LVO4M4,9,4.111111111111111,3.0,5.0
B07Y59H3K2,9,4.222222222222222,3.0,5.0
B0000C7GHG,9,4.444444444444445,3.0,5.0
B07J3P1GJM,8,4.625,3.0,5.0
B005185SDA,8,4.375,3.0,5.0
B005GISQQG,8,4.5,3.0,5.0
B00JVUK7AI,8,4.375,3.0,5.0
B07YBX7Y3P,8,4.375,3.0,5.0
B00OBZNI0O,8,5.0,5.0,5.0
B00EP2WNKY,8,4.5,3.0,5.0
B00N73UUJI,8,4.5,3.0,5.0
B002DC8GKO,8,3.875,3.0,5.0
B001QCWSJC,7,4.142857142857143,3.0,5.0
B0030HM2KQ,6,4.166666666666667,3.0,5.0
B00X3EDHZU,6,4.833333333333333,4.0,5.0
B007VTVRFA,6,4.333333333333333,3.0,5.0
B001EHD9BU,6,3.8333333333333335,3.0,5.0
B001EHD9J2,6,4.5,3.0,5.0
B002I0GKA4,5,5.0,5.0,5.0
